state	expected_sick_days
exposed-1	1.2392223080974152
exposed-2	2.4809255459908943
exposed-3	4.9668179160217765
recovered	-0.0
symptoms-1	9.94357942028431
symptoms-2	6.640087881311727
symptoms-3	3.3255736614121054
